Features,Accuracy,Precision,Recall,F1-Score,KS-Statistic
"['SMA5_At_Entry', 'SMA7_At_Entry', 'EMA5_At_Entry', 'EMA7_At_Entry', 'RSI5_At_Entry', 'RSI10_At_Entry', 'ROC14_At_Entry', 'Stoch5_K_At_Entry', 'Stoch7_K_At_Entry', 'BB3_High_At_Entry', 'BB3_Low_At_Entry', 'BB3_MAvg_At_Entry', 'BB5_High_At_Entry', 'BB5_Low_At_Entry', 'BB5_MAvg_At_Entry', 'ATR5_At_Entry', 'MACD_At_Entry', 'Day_Of_Week_At_Entry']",0.7004768097095796,0.6715857928964483,0.7793904208998549,0.7214832728738412,0.4151401858232525
"['SMA5_At_Entry', 'SMA7_At_Entry', 'EMA5_At_Entry', 'EMA7_At_Entry', 'RSI5_At_Entry', 'RSI10_At_Entry', 'ROC14_At_Entry', 'Stoch5_K_At_Entry', 'Stoch7_K_At_Entry', 'BB3_High_At_Entry', 'BB3_Low_At_Entry', 'BB3_MAvg_At_Entry', 'BB5_High_At_Entry', 'BB5_Low_At_Entry', 'BB5_MAvg_At_Entry', 'ATR15_At_Entry', 'MACD_At_Entry', 'Day_Of_Week_At_Entry']",0.7042334922699032,0.6777721261444557,0.7735849056603774,0.7225159278839637,0.4099045330117697
"['SMA5_At_Entry', 'SMA7_At_Entry', 'EMA5_At_Entry', 'EMA7_At_Entry', 'RSI5_At_Entry', 'RSI10_At_Entry', 'ROC14_At_Entry', 'Stoch5_K_At_Entry', 'Stoch7_K_At_Entry', 'BB3_High_At_Entry', 'BB3_Low_At_Entry', 'BB3_MAvg_At_Entry', 'BB10_High_At_Entry', 'BB10_Low_At_Entry', 'BB10_MAvg_At_Entry', 'ATR5_At_Entry', 'MACD_At_Entry', 'Day_Of_Week_At_Entry']",0.7081346626210085,0.6800606520090978,0.7811320754716982,0.7271007835720076,0.4188098860776195
"['SMA5_At_Entry', 'SMA7_At_Entry', 'EMA5_At_Entry', 'EMA7_At_Entry', 'RSI5_At_Entry', 'RSI10_At_Entry', 'ROC14_At_Entry', 'Stoch5_K_At_Entry', 'Stoch7_K_At_Entry', 'BB3_High_At_Entry', 'BB3_Low_At_Entry', 'BB3_MAvg_At_Entry', 'BB10_High_At_Entry', 'BB10_Low_At_Entry', 'BB10_MAvg_At_Entry', 'ATR15_At_Entry', 'MACD_At_Entry', 'Day_Of_Week_At_Entry']",0.7032220777344315,0.6717708076068165,0.7895500725689405,0.7259140645850013,0.4171695273916434
"['SMA5_At_Entry', 'SMA7_At_Entry', 'EMA5_At_Entry', 'EMA7_At_Entry', 'RSI5_At_Entry', 'RSI10_At_Entry', 'ROC14_At_Entry', 'Stoch5_K_At_Entry', 'Stoch7_K_At_Entry', 'BB3_High_At_Entry', 'BB3_Low_At_Entry', 'BB3_MAvg_At_Entry', 'BB15_High_At_Entry', 'BB15_Low_At_Entry', 'BB15_MAvg_At_Entry', 'ATR5_At_Entry', 'MACD_At_Entry', 'Day_Of_Week_At_Entry']",0.7058228579685016,0.6733940438099926,0.7941944847605225,0.728822589238146,0.4130169806310241
"['SMA5_At_Entry', 'SMA7_At_Entry', 'EMA5_At_Entry', 'EMA7_At_Entry', 'RSI5_At_Entry', 'RSI10_At_Entry', 'ROC14_At_Entry', 'Stoch5_K_At_Entry', 'Stoch7_K_At_Entry', 'BB3_High_At_Entry', 'BB3_Low_At_Entry', 'BB3_MAvg_At_Entry', 'BB15_High_At_Entry', 'BB15_Low_At_Entry', 'BB15_MAvg_At_Entry', 'ATR15_At_Entry', 'MACD_At_Entry', 'Day_Of_Week_At_Entry']",0.7065452969224101,0.6743956586087815,0.7936139332365747,0.7291638885184691,0.4209194793742202
"['SMA5_At_Entry', 'SMA7_At_Entry', 'EMA5_At_Entry', 'EMA7_At_Entry', 'RSI5_At_Entry', 'RSI10_At_Entry', 'ROC14_At_Entry', 'Stoch5_K_At_Entry', 'Stoch7_K_At_Entry', 'BB5_High_At_Entry', 'BB5_Low_At_Entry', 'BB5_MAvg_At_Entry', 'BB10_High_At_Entry', 'BB10_Low_At_Entry', 'BB10_MAvg_At_Entry', 'ATR5_At_Entry', 'MACD_At_Entry', 'Day_Of_Week_At_Entry']",0.7085681259933536,0.6810344827586207,0.7796806966618287,0.7270266612532142,0.42088582542368064
"['SMA5_At_Entry', 'SMA7_At_Entry', 'EMA5_At_Entry', 'EMA7_At_Entry', 'RSI5_At_Entry', 'RSI10_At_Entry', 'ROC14_At_Entry', 'Stoch5_K_At_Entry', 'Stoch7_K_At_Entry', 'BB5_High_At_Entry', 'BB5_Low_At_Entry', 'BB5_MAvg_At_Entry', 'BB10_High_At_Entry', 'BB10_Low_At_Entry', 'BB10_MAvg_At_Entry', 'ATR15_At_Entry', 'MACD_At_Entry', 'Day_Of_Week_At_Entry']",0.7033665655252131,0.6675493500240732,0.8049346879535558,0.729832872746414,0.4155780212145151
"['SMA5_At_Entry', 'SMA7_At_Entry', 'EMA5_At_Entry', 'EMA7_At_Entry', 'RSI5_At_Entry', 'RSI10_At_Entry', 'ROC14_At_Entry', 'Stoch5_K_At_Entry', 'Stoch7_K_At_Entry', 'BB5_High_At_Entry', 'BB5_Low_At_Entry', 'BB5_MAvg_At_Entry', 'BB15_High_At_Entry', 'BB15_Low_At_Entry', 'BB15_MAvg_At_Entry', 'ATR5_At_Entry', 'MACD_At_Entry', 'Day_Of_Week_At_Entry']",0.7062563213408467,0.6707789066279632,0.8049346879535558,0.7317588072305053,0.4158886730656494
"['SMA5_At_Entry', 'SMA7_At_Entry', 'EMA5_At_Entry', 'EMA7_At_Entry', 'RSI5_At_Entry', 'RSI10_At_Entry', 'ROC14_At_Entry', 'Stoch5_K_At_Entry', 'Stoch7_K_At_Entry', 'BB5_High_At_Entry', 'BB5_Low_At_Entry', 'BB5_MAvg_At_Entry', 'BB15_High_At_Entry', 'BB15_Low_At_Entry', 'BB15_MAvg_At_Entry', 'ATR15_At_Entry', 'MACD_At_Entry', 'Day_Of_Week_At_Entry']",0.7098685161103887,0.6824067022086824,0.7802612481857765,0.7280606717226435,0.4224381660851687
"['SMA5_At_Entry', 'SMA7_At_Entry', 'EMA5_At_Entry', 'EMA7_At_Entry', 'RSI5_At_Entry', 'RSI10_At_Entry', 'ROC14_At_Entry', 'Stoch5_K_At_Entry', 'Stoch7_K_At_Entry', 'BB10_High_At_Entry', 'BB10_Low_At_Entry', 'BB10_MAvg_At_Entry', 'BB15_High_At_Entry', 'BB15_Low_At_Entry', 'BB15_MAvg_At_Entry', 'ATR5_At_Entry', 'MACD_At_Entry', 'Day_Of_Week_At_Entry']",0.7051004190145933,0.6774519716885743,0.7779390420899854,0.72422645588434,0.4121568424410555
"['SMA5_At_Entry', 'SMA7_At_Entry', 'EMA5_At_Entry', 'EMA7_At_Entry', 'RSI5_At_Entry', 'RSI10_At_Entry', 'ROC14_At_Entry', 'Stoch5_K_At_Entry', 'Stoch7_K_At_Entry', 'BB10_High_At_Entry', 'BB10_Low_At_Entry', 'BB10_MAvg_At_Entry', 'BB15_High_At_Entry', 'BB15_Low_At_Entry', 'BB15_MAvg_At_Entry', 'ATR15_At_Entry', 'MACD_At_Entry', 'Day_Of_Week_At_Entry']",0.7071232480855367,0.6807751147373788,0.7750362844702468,0.7248540790009502,0.4214116788394314
"['SMA5_At_Entry', 'SMA7_At_Entry', 'EMA5_At_Entry', 'EMA7_At_Entry', 'RSI5_At_Entry', 'RSI10_At_Entry', 'ROC14_At_Entry', 'Stoch5_K_At_Entry', 'Stoch21_K_At_Entry', 'BB3_High_At_Entry', 'BB3_Low_At_Entry', 'BB3_MAvg_At_Entry', 'BB5_High_At_Entry', 'BB5_Low_At_Entry', 'BB5_MAvg_At_Entry', 'ATR5_At_Entry', 'MACD_At_Entry', 'Day_Of_Week_At_Entry']",0.6972980783123826,0.6571960875640428,0.8191582002902758,0.7292931903346686,0.40436891744510567
"['SMA5_At_Entry', 'SMA7_At_Entry', 'EMA5_At_Entry', 'EMA7_At_Entry', 'RSI5_At_Entry', 'RSI10_At_Entry', 'ROC14_At_Entry', 'Stoch5_K_At_Entry', 'Stoch21_K_At_Entry', 'BB3_High_At_Entry', 'BB3_Low_At_Entry', 'BB3_MAvg_At_Entry', 'BB5_High_At_Entry', 'BB5_Low_At_Entry', 'BB5_MAvg_At_Entry', 'ATR15_At_Entry', 'MACD_At_Entry', 'Day_Of_Week_At_Entry']",0.7003323219187979,0.6602758943184475,0.8197387518142235,0.7314167314167315,0.41734589747486805
"['SMA5_At_Entry', 'SMA7_At_Entry', 'EMA5_At_Entry', 'EMA7_At_Entry', 'RSI5_At_Entry', 'RSI10_At_Entry', 'ROC14_At_Entry', 'Stoch5_K_At_Entry', 'Stoch21_K_At_Entry', 'BB3_High_At_Entry', 'BB3_Low_At_Entry', 'BB3_MAvg_At_Entry', 'BB10_High_At_Entry', 'BB10_Low_At_Entry', 'BB10_MAvg_At_Entry', 'ATR5_At_Entry', 'MACD_At_Entry', 'Day_Of_Week_At_Entry']",0.7059673457592833,0.6722873900293255,0.7985486211901306,0.7299986732121534,0.4166455946728218
"['SMA5_At_Entry', 'SMA7_At_Entry', 'EMA5_At_Entry', 'EMA7_At_Entry', 'RSI5_At_Entry', 'RSI10_At_Entry', 'ROC14_At_Entry', 'Stoch5_K_At_Entry', 'Stoch21_K_At_Entry', 'BB3_High_At_Entry', 'BB3_Low_At_Entry', 'BB3_MAvg_At_Entry', 'BB10_High_At_Entry', 'BB10_Low_At_Entry', 'BB10_MAvg_At_Entry', 'ATR15_At_Entry', 'MACD_At_Entry', 'Day_Of_Week_At_Entry']",0.6981650050570727,0.663216177178623,0.7997097242380261,0.725095407290433,0.4086010478654376
"['SMA5_At_Entry', 'SMA7_At_Entry', 'EMA5_At_Entry', 'EMA7_At_Entry', 'RSI5_At_Entry', 'RSI10_At_Entry', 'ROC14_At_Entry', 'Stoch5_K_At_Entry', 'Stoch21_K_At_Entry', 'BB3_High_At_Entry', 'BB3_Low_At_Entry', 'BB3_MAvg_At_Entry', 'BB15_High_At_Entry', 'BB15_Low_At_Entry', 'BB15_MAvg_At_Entry', 'ATR5_At_Entry', 'MACD_At_Entry', 'Day_Of_Week_At_Entry']",0.7059673457592833,0.6678571428571428,0.8142235123367199,0.7338129496402878,0.42174629764789784
"['SMA5_At_Entry', 'SMA7_At_Entry', 'EMA5_At_Entry', 'EMA7_At_Entry', 'RSI5_At_Entry', 'RSI10_At_Entry', 'ROC14_At_Entry', 'Stoch5_K_At_Entry', 'Stoch21_K_At_Entry', 'BB3_High_At_Entry', 'BB3_Low_At_Entry', 'BB3_MAvg_At_Entry', 'BB15_High_At_Entry', 'BB15_Low_At_Entry', 'BB15_MAvg_At_Entry', 'ATR15_At_Entry', 'MACD_At_Entry', 'Day_Of_Week_At_Entry']",0.7029331021528681,0.6585254508103173,0.8374455732946299,0.7372859698441094,0.42179615225949113
"['SMA5_At_Entry', 'SMA7_At_Entry', 'EMA5_At_Entry', 'EMA7_At_Entry', 'RSI5_At_Entry', 'RSI10_At_Entry', 'ROC14_At_Entry', 'Stoch5_K_At_Entry', 'Stoch21_K_At_Entry', 'BB5_High_At_Entry', 'BB5_Low_At_Entry', 'BB5_MAvg_At_Entry', 'BB10_High_At_Entry', 'BB10_Low_At_Entry', 'BB10_MAvg_At_Entry', 'ATR5_At_Entry', 'MACD_At_Entry', 'Day_Of_Week_At_Entry']",0.7085681259933536,0.6828893442622951,0.7738751814223512,0.7255408899169955,0.4199787554217934
"['SMA5_At_Entry', 'SMA7_At_Entry', 'EMA5_At_Entry', 'EMA7_At_Entry', 'RSI5_At_Entry', 'RSI10_At_Entry', 'ROC14_At_Entry', 'Stoch5_K_At_Entry', 'Stoch21_K_At_Entry', 'BB5_High_At_Entry', 'BB5_Low_At_Entry', 'BB5_MAvg_At_Entry', 'BB10_High_At_Entry', 'BB10_Low_At_Entry', 'BB10_MAvg_At_Entry', 'ATR15_At_Entry', 'MACD_At_Entry', 'Day_Of_Week_At_Entry']",0.701632712035833,0.6665057915057915,0.8017416545718432,0.7278956384240348,0.4159100512575554
"['SMA5_At_Entry', 'SMA7_At_Entry', 'EMA5_At_Entry', 'EMA7_At_Entry', 'RSI5_At_Entry', 'RSI10_At_Entry', 'ROC14_At_Entry', 'Stoch5_K_At_Entry', 'Stoch21_K_At_Entry', 'BB5_High_At_Entry', 'BB5_Low_At_Entry', 'BB5_MAvg_At_Entry', 'BB15_High_At_Entry', 'BB15_Low_At_Entry', 'BB15_MAvg_At_Entry', 'ATR5_At_Entry', 'MACD_At_Entry', 'Day_Of_Week_At_Entry']",0.6954197370322208,0.6522432247779549,0.8313497822931786,0.7309851965288412,0.40919746601619067
"['SMA5_At_Entry', 'SMA7_At_Entry', 'EMA5_At_Entry', 'EMA7_At_Entry', 'RSI5_At_Entry', 'RSI10_At_Entry', 'ROC14_At_Entry', 'Stoch5_K_At_Entry', 'Stoch21_K_At_Entry', 'BB5_High_At_Entry', 'BB5_Low_At_Entry', 'BB5_MAvg_At_Entry', 'BB15_High_At_Entry', 'BB15_Low_At_Entry', 'BB15_MAvg_At_Entry', 'ATR15_At_Entry', 'MACD_At_Entry', 'Day_Of_Week_At_Entry']",0.6987429562201994,0.6599247412982127,0.8145137880986938,0.7291152397037807,0.41107665918986674
"['SMA5_At_Entry', 'SMA7_At_Entry', 'EMA5_At_Entry', 'EMA7_At_Entry', 'RSI5_At_Entry', 'RSI10_At_Entry', 'ROC14_At_Entry', 'Stoch5_K_At_Entry', 'Stoch21_K_At_Entry', 'BB10_High_At_Entry', 'BB10_Low_At_Entry', 'BB10_MAvg_At_Entry', 'BB15_High_At_Entry', 'BB15_Low_At_Entry', 'BB15_MAvg_At_Entry', 'ATR5_At_Entry', 'MACD_At_Entry', 'Day_Of_Week_At_Entry']",0.7081346626210085,0.6741627963823026,0.8005805515239478,0.7319532908704883,0.42046059982530004
"['SMA5_At_Entry', 'SMA7_At_Entry', 'EMA5_At_Entry', 'EMA7_At_Entry', 'RSI5_At_Entry', 'RSI10_At_Entry', 'ROC14_At_Entry', 'Stoch5_K_At_Entry', 'Stoch21_K_At_Entry', 'BB10_High_At_Entry', 'BB10_Low_At_Entry', 'BB10_MAvg_At_Entry', 'BB15_High_At_Entry', 'BB15_Low_At_Entry', 'BB15_MAvg_At_Entry', 'ATR15_At_Entry', 'MACD_At_Entry', 'Day_Of_Week_At_Entry']",0.6985984684294178,0.6615933412604043,0.8075471698113208,0.7273202614379085,0.4110012509582608
"['SMA5_At_Entry', 'SMA7_At_Entry', 'EMA5_At_Entry', 'EMA7_At_Entry', 'RSI5_At_Entry', 'RSI10_At_Entry', 'ROC14_At_Entry', 'Stoch7_K_At_Entry', 'Stoch21_K_At_Entry', 'BB3_High_At_Entry', 'BB3_Low_At_Entry', 'BB3_MAvg_At_Entry', 'BB5_High_At_Entry', 'BB5_Low_At_Entry', 'BB5_MAvg_At_Entry', 'ATR5_At_Entry', 'MACD_At_Entry', 'Day_Of_Week_At_Entry']",0.7000433463372345,0.6638735934881493,0.8049346879535558,0.7276305431645238,0.4108688898872801
"['SMA5_At_Entry', 'SMA7_At_Entry', 'EMA5_At_Entry', 'EMA7_At_Entry', 'RSI5_At_Entry', 'RSI10_At_Entry', 'ROC14_At_Entry', 'Stoch7_K_At_Entry', 'Stoch21_K_At_Entry', 'BB3_High_At_Entry', 'BB3_Low_At_Entry', 'BB3_MAvg_At_Entry', 'BB5_High_At_Entry', 'BB5_Low_At_Entry', 'BB5_MAvg_At_Entry', 'ATR15_At_Entry', 'MACD_At_Entry', 'Day_Of_Week_At_Entry']",0.6968646149400376,0.6612401244912617,0.8017416545718432,0.7247441616373655,0.4130150599340951
"['SMA5_At_Entry', 'SMA7_At_Entry', 'EMA5_At_Entry', 'EMA7_At_Entry', 'RSI5_At_Entry', 'RSI10_At_Entry', 'ROC14_At_Entry', 'Stoch7_K_At_Entry', 'Stoch21_K_At_Entry', 'BB3_High_At_Entry', 'BB3_Low_At_Entry', 'BB3_MAvg_At_Entry', 'BB10_High_At_Entry', 'BB10_Low_At_Entry', 'BB10_MAvg_At_Entry', 'ATR5_At_Entry', 'MACD_At_Entry', 'Day_Of_Week_At_Entry']",0.7036555411067765,0.666031443544545,0.811611030478955,0.7316498757032579,0.41952054394137034
"['SMA5_At_Entry', 'SMA7_At_Entry', 'EMA5_At_Entry', 'EMA7_At_Entry', 'RSI5_At_Entry', 'RSI10_At_Entry', 'ROC14_At_Entry', 'Stoch7_K_At_Entry', 'Stoch21_K_At_Entry', 'BB3_High_At_Entry', 'BB3_Low_At_Entry', 'BB3_MAvg_At_Entry', 'BB10_High_At_Entry', 'BB10_Low_At_Entry', 'BB10_MAvg_At_Entry', 'ATR15_At_Entry', 'MACD_At_Entry', 'Day_Of_Week_At_Entry']",0.6964311515676925,0.6570827489481066,0.8159651669085631,0.7279554577236825,0.4079069246969892
"['SMA5_At_Entry', 'SMA7_At_Entry', 'EMA5_At_Entry', 'EMA7_At_Entry', 'RSI5_At_Entry', 'RSI10_At_Entry', 'ROC14_At_Entry', 'Stoch7_K_At_Entry', 'Stoch21_K_At_Entry', 'BB3_High_At_Entry', 'BB3_Low_At_Entry', 'BB3_MAvg_At_Entry', 'BB15_High_At_Entry', 'BB15_Low_At_Entry', 'BB15_MAvg_At_Entry', 'ATR5_At_Entry', 'MACD_At_Entry', 'Day_Of_Week_At_Entry']",0.7049559312238116,0.6685082872928176,0.8078374455732946,0.7315983175604627,0.4161249187879233
"['SMA5_At_Entry', 'SMA7_At_Entry', 'EMA5_At_Entry', 'EMA7_At_Entry', 'RSI5_At_Entry', 'RSI10_At_Entry', 'ROC14_At_Entry', 'Stoch7_K_At_Entry', 'Stoch21_K_At_Entry', 'BB3_High_At_Entry', 'BB3_Low_At_Entry', 'BB3_MAvg_At_Entry', 'BB15_High_At_Entry', 'BB15_Low_At_Entry', 'BB15_MAvg_At_Entry', 'ATR15_At_Entry', 'MACD_At_Entry', 'Day_Of_Week_At_Entry']",0.6931079323797139,0.6500795273801409,0.8304789550072569,0.7292888095845017,0.4105737706287026
"['SMA5_At_Entry', 'SMA7_At_Entry', 'EMA5_At_Entry', 'EMA7_At_Entry', 'RSI5_At_Entry', 'RSI10_At_Entry', 'ROC14_At_Entry', 'Stoch7_K_At_Entry', 'Stoch21_K_At_Entry', 'BB5_High_At_Entry', 'BB5_Low_At_Entry', 'BB5_MAvg_At_Entry', 'BB10_High_At_Entry', 'BB10_Low_At_Entry', 'BB10_MAvg_At_Entry', 'ATR5_At_Entry', 'MACD_At_Entry', 'Day_Of_Week_At_Entry']",0.7049559312238116,0.6711393022688461,0.7985486211901306,0.7293213149522799,0.41863902755949567
"['SMA5_At_Entry', 'SMA7_At_Entry', 'EMA5_At_Entry', 'EMA7_At_Entry', 'RSI5_At_Entry', 'RSI10_At_Entry', 'ROC14_At_Entry', 'Stoch7_K_At_Entry', 'Stoch21_K_At_Entry', 'BB5_High_At_Entry', 'BB5_Low_At_Entry', 'BB5_MAvg_At_Entry', 'BB10_High_At_Entry', 'BB10_Low_At_Entry', 'BB10_MAvg_At_Entry', 'ATR15_At_Entry', 'MACD_At_Entry', 'Day_Of_Week_At_Entry']",0.6954197370322208,0.6549246813441483,0.8203193033381713,0.7283505154639175,0.4083055945726115
"['SMA5_At_Entry', 'SMA7_At_Entry', 'EMA5_At_Entry', 'EMA7_At_Entry', 'RSI5_At_Entry', 'RSI10_At_Entry', 'ROC14_At_Entry', 'Stoch7_K_At_Entry', 'Stoch21_K_At_Entry', 'BB5_High_At_Entry', 'BB5_Low_At_Entry', 'BB5_MAvg_At_Entry', 'BB15_High_At_Entry', 'BB15_Low_At_Entry', 'BB15_MAvg_At_Entry', 'ATR5_At_Entry', 'MACD_At_Entry', 'Day_Of_Week_At_Entry']",0.7010547608727062,0.66,0.8238026124818577,0.7328599096191091,0.41079573638685174
"['SMA5_At_Entry', 'SMA7_At_Entry', 'EMA5_At_Entry', 'EMA7_At_Entry', 'RSI5_At_Entry', 'RSI10_At_Entry', 'ROC14_At_Entry', 'Stoch7_K_At_Entry', 'Stoch21_K_At_Entry', 'BB5_High_At_Entry', 'BB5_Low_At_Entry', 'BB5_MAvg_At_Entry', 'BB15_High_At_Entry', 'BB15_Low_At_Entry', 'BB15_MAvg_At_Entry', 'ATR15_At_Entry', 'MACD_At_Entry', 'Day_Of_Week_At_Entry']",0.6835717381881231,0.6346855548400945,0.8583454281567489,0.7297630799605134,0.4027411685520116
"['SMA5_At_Entry', 'SMA7_At_Entry', 'EMA5_At_Entry', 'EMA7_At_Entry', 'RSI5_At_Entry', 'RSI10_At_Entry', 'ROC14_At_Entry', 'Stoch7_K_At_Entry', 'Stoch21_K_At_Entry', 'BB10_High_At_Entry', 'BB10_Low_At_Entry', 'BB10_MAvg_At_Entry', 'BB15_High_At_Entry', 'BB15_Low_At_Entry', 'BB15_MAvg_At_Entry', 'ATR5_At_Entry', 'MACD_At_Entry', 'Day_Of_Week_At_Entry']",0.7064008091316284,0.670610963535378,0.8060957910014513,0.7321381492222515,0.41872963434940985
"['SMA5_At_Entry', 'SMA7_At_Entry', 'EMA5_At_Entry', 'EMA7_At_Entry', 'RSI5_At_Entry', 'RSI10_At_Entry', 'ROC14_At_Entry', 'Stoch7_K_At_Entry', 'Stoch21_K_At_Entry', 'BB10_High_At_Entry', 'BB10_Low_At_Entry', 'BB10_MAvg_At_Entry', 'BB15_High_At_Entry', 'BB15_Low_At_Entry', 'BB15_MAvg_At_Entry', 'ATR15_At_Entry', 'MACD_At_Entry', 'Day_Of_Week_At_Entry']",0.6825603236526514,0.6347732181425486,0.8531204644412191,0.7279256965944273,0.3987112958691655
"['SMA5_At_Entry', 'SMA7_At_Entry', 'EMA5_At_Entry', 'EMA7_At_Entry', 'RSI5_At_Entry', 'RSI10_At_Entry', 'ROC15_At_Entry', 'Stoch5_K_At_Entry', 'Stoch7_K_At_Entry', 'BB3_High_At_Entry', 'BB3_Low_At_Entry', 'BB3_MAvg_At_Entry', 'BB5_High_At_Entry', 'BB5_Low_At_Entry', 'BB5_MAvg_At_Entry', 'ATR5_At_Entry', 'MACD_At_Entry', 'Day_Of_Week_At_Entry']",0.7064008091316284,0.6750061927173644,0.7910014513788098,0.7284148623362737,0.4147405138448845
"['SMA5_At_Entry', 'SMA7_At_Entry', 'EMA5_At_Entry', 'EMA7_At_Entry', 'RSI5_At_Entry', 'RSI10_At_Entry', 'ROC15_At_Entry', 'Stoch5_K_At_Entry', 'Stoch7_K_At_Entry', 'BB3_High_At_Entry', 'BB3_Low_At_Entry', 'BB3_MAvg_At_Entry', 'BB5_High_At_Entry', 'BB5_Low_At_Entry', 'BB5_MAvg_At_Entry', 'ATR15_At_Entry', 'MACD_At_Entry', 'Day_Of_Week_At_Entry']",0.7042334922699032,0.6803405572755418,0.7654571843251089,0.7203933888813003,0.41607314347940094
"['SMA5_At_Entry', 'SMA7_At_Entry', 'EMA5_At_Entry', 'EMA7_At_Entry', 'RSI5_At_Entry', 'RSI10_At_Entry', 'ROC15_At_Entry', 'Stoch5_K_At_Entry', 'Stoch7_K_At_Entry', 'BB3_High_At_Entry', 'BB3_Low_At_Entry', 'BB3_MAvg_At_Entry', 'BB10_High_At_Entry', 'BB10_Low_At_Entry', 'BB10_MAvg_At_Entry', 'ATR5_At_Entry', 'MACD_At_Entry', 'Day_Of_Week_At_Entry']",0.7042334922699032,0.6731054977711739,0.7889695210449927,0.7264466123212615,0.4163038776365741
"['SMA5_At_Entry', 'SMA7_At_Entry', 'EMA5_At_Entry', 'EMA7_At_Entry', 'RSI5_At_Entry', 'RSI10_At_Entry', 'ROC15_At_Entry', 'Stoch5_K_At_Entry', 'Stoch7_K_At_Entry', 'BB3_High_At_Entry', 'BB3_Low_At_Entry', 'BB3_MAvg_At_Entry', 'BB10_High_At_Entry', 'BB10_Low_At_Entry', 'BB10_MAvg_At_Entry', 'ATR15_At_Entry', 'MACD_At_Entry', 'Day_Of_Week_At_Entry']",0.7000433463372345,0.6646620158768343,0.8020319303338171,0.7269139700078927,0.40964824523458393
"['SMA5_At_Entry', 'SMA7_At_Entry', 'EMA5_At_Entry', 'EMA7_At_Entry', 'RSI5_At_Entry', 'RSI10_At_Entry', 'ROC15_At_Entry', 'Stoch5_K_At_Entry', 'Stoch7_K_At_Entry', 'BB3_High_At_Entry', 'BB3_Low_At_Entry', 'BB3_MAvg_At_Entry', 'BB15_High_At_Entry', 'BB15_Low_At_Entry', 'BB15_MAvg_At_Entry', 'ATR5_At_Entry', 'MACD_At_Entry', 'Day_Of_Week_At_Entry']",0.7053893945961566,0.6770780856423174,0.7802612481857765,0.7250168577208361,0.4164359046733061
"['SMA5_At_Entry', 'SMA7_At_Entry', 'EMA5_At_Entry', 'EMA7_At_Entry', 'RSI5_At_Entry', 'RSI10_At_Entry', 'ROC15_At_Entry', 'Stoch5_K_At_Entry', 'Stoch7_K_At_Entry', 'BB3_High_At_Entry', 'BB3_Low_At_Entry', 'BB3_MAvg_At_Entry', 'BB15_High_At_Entry', 'BB15_Low_At_Entry', 'BB15_MAvg_At_Entry', 'ATR15_At_Entry', 'MACD_At_Entry', 'Day_Of_Week_At_Entry']",0.6958532004045658,0.6545916012921089,0.8235123367198839,0.729399665766808,0.418006366692777
"['SMA5_At_Entry', 'SMA7_At_Entry', 'EMA5_At_Entry', 'EMA7_At_Entry', 'RSI5_At_Entry', 'RSI10_At_Entry', 'ROC15_At_Entry', 'Stoch5_K_At_Entry', 'Stoch7_K_At_Entry', 'BB5_High_At_Entry', 'BB5_Low_At_Entry', 'BB5_MAvg_At_Entry', 'BB10_High_At_Entry', 'BB10_Low_At_Entry', 'BB10_MAvg_At_Entry', 'ATR5_At_Entry', 'MACD_At_Entry', 'Day_Of_Week_At_Entry']",0.7039445166883398,0.6723456790123457,0.7904208998548621,0.7266177451634422,0.4110475147016823
"['SMA5_At_Entry', 'SMA7_At_Entry', 'EMA5_At_Entry', 'EMA7_At_Entry', 'RSI5_At_Entry', 'RSI10_At_Entry', 'ROC15_At_Entry', 'Stoch5_K_At_Entry', 'Stoch7_K_At_Entry', 'BB5_High_At_Entry', 'BB5_Low_At_Entry', 'BB5_MAvg_At_Entry', 'BB10_High_At_Entry', 'BB10_Low_At_Entry', 'BB10_MAvg_At_Entry', 'ATR15_At_Entry', 'MACD_At_Entry', 'Day_Of_Week_At_Entry']",0.7038000288975581,0.6739835370416563,0.7843251088534108,0.7249798765763349,0.4125846568048622
"['SMA5_At_Entry', 'SMA7_At_Entry', 'EMA5_At_Entry', 'EMA7_At_Entry', 'RSI5_At_Entry', 'RSI10_At_Entry', 'ROC15_At_Entry', 'Stoch5_K_At_Entry', 'Stoch7_K_At_Entry', 'BB5_High_At_Entry', 'BB5_Low_At_Entry', 'BB5_MAvg_At_Entry', 'BB15_High_At_Entry', 'BB15_Low_At_Entry', 'BB15_MAvg_At_Entry', 'ATR5_At_Entry', 'MACD_At_Entry', 'Day_Of_Week_At_Entry']",0.7055338823869383,0.6804308797127468,0.7701015965166909,0.7224945533769063,0.41579614557880623
"['SMA5_At_Entry', 'SMA7_At_Entry', 'EMA5_At_Entry', 'EMA7_At_Entry', 'RSI5_At_Entry', 'RSI10_At_Entry', 'ROC15_At_Entry', 'Stoch5_K_At_Entry', 'Stoch7_K_At_Entry', 'BB5_High_At_Entry', 'BB5_Low_At_Entry', 'BB5_MAvg_At_Entry', 'BB15_High_At_Entry', 'BB15_Low_At_Entry', 'BB15_MAvg_At_Entry', 'ATR15_At_Entry', 'MACD_At_Entry', 'Day_Of_Week_At_Entry']",0.7081346626210085,0.6804254241580147,0.7799709724238026,0.7268055179875574,0.41918559109865533
"['SMA5_At_Entry', 'SMA7_At_Entry', 'EMA5_At_Entry', 'EMA7_At_Entry', 'RSI5_At_Entry', 'RSI10_At_Entry', 'ROC15_At_Entry', 'Stoch5_K_At_Entry', 'Stoch7_K_At_Entry', 'BB10_High_At_Entry', 'BB10_Low_At_Entry', 'BB10_MAvg_At_Entry', 'BB15_High_At_Entry', 'BB15_Low_At_Entry', 'BB15_MAvg_At_Entry', 'ATR5_At_Entry', 'MACD_At_Entry', 'Day_Of_Week_At_Entry']",0.6970091027308193,0.6539515760621288,0.8310595065312046,0.7319442669052793,0.40510963839122427
"['SMA5_At_Entry', 'SMA7_At_Entry', 'EMA5_At_Entry', 'EMA7_At_Entry', 'RSI5_At_Entry', 'RSI10_At_Entry', 'ROC15_At_Entry', 'Stoch5_K_At_Entry', 'Stoch7_K_At_Entry', 'BB10_High_At_Entry', 'BB10_Low_At_Entry', 'BB10_MAvg_At_Entry', 'BB15_High_At_Entry', 'BB15_Low_At_Entry', 'BB15_MAvg_At_Entry', 'ATR15_At_Entry', 'MACD_At_Entry', 'Day_Of_Week_At_Entry']",0.705244906805375,0.6691548278352998,0.8066763425253991,0.7315082916556989,0.41390075174407626
"['SMA5_At_Entry', 'SMA7_At_Entry', 'EMA5_At_Entry', 'EMA7_At_Entry', 'RSI5_At_Entry', 'RSI10_At_Entry', 'ROC15_At_Entry', 'Stoch5_K_At_Entry', 'Stoch21_K_At_Entry', 'BB3_High_At_Entry', 'BB3_Low_At_Entry', 'BB3_MAvg_At_Entry', 'BB5_High_At_Entry', 'BB5_Low_At_Entry', 'BB5_MAvg_At_Entry', 'ATR5_At_Entry', 'MACD_At_Entry', 'Day_Of_Week_At_Entry']",0.7019216876173964,0.6669888835186081,0.8011611030478955,0.7279440854543057,0.40791210222784147
"['SMA5_At_Entry', 'SMA7_At_Entry', 'EMA5_At_Entry', 'EMA7_At_Entry', 'RSI5_At_Entry', 'RSI10_At_Entry', 'ROC15_At_Entry', 'Stoch5_K_At_Entry', 'Stoch21_K_At_Entry', 'BB3_High_At_Entry', 'BB3_Low_At_Entry', 'BB3_MAvg_At_Entry', 'BB5_High_At_Entry', 'BB5_Low_At_Entry', 'BB5_MAvg_At_Entry', 'ATR15_At_Entry', 'MACD_At_Entry', 'Day_Of_Week_At_Entry']",0.7048114434330299,0.6796514607893388,0.769811320754717,0.721927317272356,0.414087810923254
"['SMA5_At_Entry', 'SMA7_At_Entry', 'EMA5_At_Entry', 'EMA7_At_Entry', 'RSI5_At_Entry', 'RSI10_At_Entry', 'ROC15_At_Entry', 'Stoch5_K_At_Entry', 'Stoch21_K_At_Entry', 'BB3_High_At_Entry', 'BB3_Low_At_Entry', 'BB3_MAvg_At_Entry', 'BB10_High_At_Entry', 'BB10_Low_At_Entry', 'BB10_MAvg_At_Entry', 'ATR5_At_Entry', 'MACD_At_Entry', 'Day_Of_Week_At_Entry']",0.7003323219187979,0.6666666666666666,0.7959361393323657,0.7255887801005557,0.4089641430935914
"['SMA5_At_Entry', 'SMA7_At_Entry', 'EMA5_At_Entry', 'EMA7_At_Entry', 'RSI5_At_Entry', 'RSI10_At_Entry', 'ROC15_At_Entry', 'Stoch5_K_At_Entry', 'Stoch21_K_At_Entry', 'BB3_High_At_Entry', 'BB3_Low_At_Entry', 'BB3_MAvg_At_Entry', 'BB10_High_At_Entry', 'BB10_Low_At_Entry', 'BB10_MAvg_At_Entry', 'ATR15_At_Entry', 'MACD_At_Entry', 'Day_Of_Week_At_Entry']",0.6993209073833261,0.6708416833667334,0.7773584905660378,0.7201828694366008,0.4116106129361443
"['SMA5_At_Entry', 'SMA7_At_Entry', 'EMA5_At_Entry', 'EMA7_At_Entry', 'RSI5_At_Entry', 'RSI10_At_Entry', 'ROC15_At_Entry', 'Stoch5_K_At_Entry', 'Stoch21_K_At_Entry', 'BB3_High_At_Entry', 'BB3_Low_At_Entry', 'BB3_MAvg_At_Entry', 'BB15_High_At_Entry', 'BB15_Low_At_Entry', 'BB15_MAvg_At_Entry', 'ATR5_At_Entry', 'MACD_At_Entry', 'Day_Of_Week_At_Entry']",0.7006212975003612,0.6597626250872702,0.8229317851959361,0.7323688969258589,0.424742918891474
"['SMA5_At_Entry', 'SMA7_At_Entry', 'EMA5_At_Entry', 'EMA7_At_Entry', 'RSI5_At_Entry', 'RSI10_At_Entry', 'ROC15_At_Entry', 'Stoch5_K_At_Entry', 'Stoch21_K_At_Entry', 'BB3_High_At_Entry', 'BB3_Low_At_Entry', 'BB3_MAvg_At_Entry', 'BB15_High_At_Entry', 'BB15_Low_At_Entry', 'BB15_MAvg_At_Entry', 'ATR15_At_Entry', 'MACD_At_Entry', 'Day_Of_Week_At_Entry']",0.7064008091316284,0.6738862909180409,0.7947750362844702,0.7293553542887586,0.4238199822627814
"['SMA5_At_Entry', 'SMA7_At_Entry', 'EMA5_At_Entry', 'EMA7_At_Entry', 'RSI5_At_Entry', 'RSI10_At_Entry', 'ROC15_At_Entry', 'Stoch5_K_At_Entry', 'Stoch21_K_At_Entry', 'BB5_High_At_Entry', 'BB5_Low_At_Entry', 'BB5_MAvg_At_Entry', 'BB10_High_At_Entry', 'BB10_Low_At_Entry', 'BB10_MAvg_At_Entry', 'ATR5_At_Entry', 'MACD_At_Entry', 'Day_Of_Week_At_Entry']",0.7023551509897413,0.6666666666666666,0.8040638606676342,0.7289473684210527,0.40912013708765566
"['SMA5_At_Entry', 'SMA7_At_Entry', 'EMA5_At_Entry', 'EMA7_At_Entry', 'RSI5_At_Entry', 'RSI10_At_Entry', 'ROC15_At_Entry', 'Stoch5_K_At_Entry', 'Stoch21_K_At_Entry', 'BB5_High_At_Entry', 'BB5_Low_At_Entry', 'BB5_MAvg_At_Entry', 'BB10_High_At_Entry', 'BB10_Low_At_Entry', 'BB10_MAvg_At_Entry', 'ATR15_At_Entry', 'MACD_At_Entry', 'Day_Of_Week_At_Entry']",0.7027886143620864,0.6704322200392927,0.7924528301886793,0.7263535985100439,0.40965342276543615
"['SMA5_At_Entry', 'SMA7_At_Entry', 'EMA5_At_Entry', 'EMA7_At_Entry', 'RSI5_At_Entry', 'RSI10_At_Entry', 'ROC15_At_Entry', 'Stoch5_K_At_Entry', 'Stoch21_K_At_Entry', 'BB5_High_At_Entry', 'BB5_Low_At_Entry', 'BB5_MAvg_At_Entry', 'BB15_High_At_Entry', 'BB15_Low_At_Entry', 'BB15_MAvg_At_Entry', 'ATR5_At_Entry', 'MACD_At_Entry', 'Day_Of_Week_At_Entry']",0.6990319318017627,0.659784138901924,0.816255442670537,0.7297262229142338,0.4151013543418607
"['SMA5_At_Entry', 'SMA7_At_Entry', 'EMA5_At_Entry', 'EMA7_At_Entry', 'RSI5_At_Entry', 'RSI10_At_Entry', 'ROC15_At_Entry', 'Stoch5_K_At_Entry', 'Stoch21_K_At_Entry', 'BB5_High_At_Entry', 'BB5_Low_At_Entry', 'BB5_MAvg_At_Entry', 'BB15_High_At_Entry', 'BB15_Low_At_Entry', 'BB15_MAvg_At_Entry', 'ATR15_At_Entry', 'MACD_At_Entry', 'Day_Of_Week_At_Entry']",0.6951307614506574,0.6516700749829584,0.832510885341074,0.7310731582972215,0.4130076276720652
"['SMA5_At_Entry', 'SMA7_At_Entry', 'EMA5_At_Entry', 'EMA7_At_Entry', 'RSI5_At_Entry', 'RSI10_At_Entry', 'ROC15_At_Entry', 'Stoch5_K_At_Entry', 'Stoch21_K_At_Entry', 'BB10_High_At_Entry', 'BB10_Low_At_Entry', 'BB10_MAvg_At_Entry', 'BB15_High_At_Entry', 'BB15_Low_At_Entry', 'BB15_MAvg_At_Entry', 'ATR5_At_Entry', 'MACD_At_Entry', 'Day_Of_Week_At_Entry']",0.7068342725039735,0.6786976274608784,0.7805515239477504,0.7260699338463615,0.4149091176318308
"['SMA5_At_Entry', 'SMA7_At_Entry', 'EMA5_At_Entry', 'EMA7_At_Entry', 'RSI5_At_Entry', 'RSI10_At_Entry', 'ROC15_At_Entry', 'Stoch5_K_At_Entry', 'Stoch21_K_At_Entry', 'BB10_High_At_Entry', 'BB10_Low_At_Entry', 'BB10_MAvg_At_Entry', 'BB15_High_At_Entry', 'BB15_Low_At_Entry', 'BB15_MAvg_At_Entry', 'ATR15_At_Entry', 'MACD_At_Entry', 'Day_Of_Week_At_Entry']",0.6997543707556712,0.6632433723429664,0.8060957910014513,0.7277253668763103,0.4065765497936504
"['SMA5_At_Entry', 'SMA7_At_Entry', 'EMA5_At_Entry', 'EMA7_At_Entry', 'RSI5_At_Entry', 'RSI10_At_Entry', 'ROC15_At_Entry', 'Stoch7_K_At_Entry', 'Stoch21_K_At_Entry', 'BB3_High_At_Entry', 'BB3_Low_At_Entry', 'BB3_MAvg_At_Entry', 'BB5_High_At_Entry', 'BB5_Low_At_Entry', 'BB5_MAvg_At_Entry', 'ATR5_At_Entry', 'MACD_At_Entry', 'Day_Of_Week_At_Entry']",0.702499638780523,0.6800935550935551,0.7596516690856313,0.7176744823803647,0.41583430899170093
"['SMA5_At_Entry', 'SMA7_At_Entry', 'EMA5_At_Entry', 'EMA7_At_Entry', 'RSI5_At_Entry', 'RSI10_At_Entry', 'ROC15_At_Entry', 'Stoch7_K_At_Entry', 'Stoch21_K_At_Entry', 'BB3_High_At_Entry', 'BB3_Low_At_Entry', 'BB3_MAvg_At_Entry', 'BB5_High_At_Entry', 'BB5_Low_At_Entry', 'BB5_MAvg_At_Entry', 'ATR15_At_Entry', 'MACD_At_Entry', 'Day_Of_Week_At_Entry']",0.6962866637769108,0.6582606646240867,0.8107402031930334,0.7265868886576483,0.4055377867892795
"['SMA5_At_Entry', 'SMA7_At_Entry', 'EMA5_At_Entry', 'EMA7_At_Entry', 'RSI5_At_Entry', 'RSI10_At_Entry', 'ROC15_At_Entry', 'Stoch7_K_At_Entry', 'Stoch21_K_At_Entry', 'BB3_High_At_Entry', 'BB3_Low_At_Entry', 'BB3_MAvg_At_Entry', 'BB10_High_At_Entry', 'BB10_Low_At_Entry', 'BB10_MAvg_At_Entry', 'ATR5_At_Entry', 'MACD_At_Entry', 'Day_Of_Week_At_Entry']",0.7065452969224101,0.6765734265734266,0.7863570391872279,0.7273459524768425,0.4159611584975808
"['SMA5_At_Entry', 'SMA7_At_Entry', 'EMA5_At_Entry', 'EMA7_At_Entry', 'RSI5_At_Entry', 'RSI10_At_Entry', 'ROC15_At_Entry', 'Stoch7_K_At_Entry', 'Stoch21_K_At_Entry', 'BB3_High_At_Entry', 'BB3_Low_At_Entry', 'BB3_MAvg_At_Entry', 'BB10_High_At_Entry', 'BB10_Low_At_Entry', 'BB10_MAvg_At_Entry', 'ATR15_At_Entry', 'MACD_At_Entry', 'Day_Of_Week_At_Entry']",0.6959976881953475,0.6538902914849667,0.8269956458635704,0.7303255575493464,0.41542269528894804
"['SMA5_At_Entry', 'SMA7_At_Entry', 'EMA5_At_Entry', 'EMA7_At_Entry', 'RSI5_At_Entry', 'RSI10_At_Entry', 'ROC15_At_Entry', 'Stoch7_K_At_Entry', 'Stoch21_K_At_Entry', 'BB3_High_At_Entry', 'BB3_Low_At_Entry', 'BB3_MAvg_At_Entry', 'BB15_High_At_Entry', 'BB15_Low_At_Entry', 'BB15_MAvg_At_Entry', 'ATR5_At_Entry', 'MACD_At_Entry', 'Day_Of_Week_At_Entry']",0.7081346626210085,0.6776364996260285,0.7889695210449927,0.7290772532188842,0.42111914834627995
"['SMA5_At_Entry', 'SMA7_At_Entry', 'EMA5_At_Entry', 'EMA7_At_Entry', 'RSI5_At_Entry', 'RSI10_At_Entry', 'ROC15_At_Entry', 'Stoch7_K_At_Entry', 'Stoch21_K_At_Entry', 'BB3_High_At_Entry', 'BB3_Low_At_Entry', 'BB3_MAvg_At_Entry', 'BB15_High_At_Entry', 'BB15_Low_At_Entry', 'BB15_MAvg_At_Entry', 'ATR15_At_Entry', 'MACD_At_Entry', 'Day_Of_Week_At_Entry']",0.7014882242450513,0.6669895858561395,0.7994194484760523,0.7272247161341431,0.41267818639445103
"['SMA5_At_Entry', 'SMA7_At_Entry', 'EMA5_At_Entry', 'EMA7_At_Entry', 'RSI5_At_Entry', 'RSI10_At_Entry', 'ROC15_At_Entry', 'Stoch7_K_At_Entry', 'Stoch21_K_At_Entry', 'BB5_High_At_Entry', 'BB5_Low_At_Entry', 'BB5_MAvg_At_Entry', 'BB10_High_At_Entry', 'BB10_Low_At_Entry', 'BB10_MAvg_At_Entry', 'ATR5_At_Entry', 'MACD_At_Entry', 'Day_Of_Week_At_Entry']",0.7027886143620864,0.6664268585131895,0.8066763425253991,0.7298752462245568,0.41091807643037637
"['SMA5_At_Entry', 'SMA7_At_Entry', 'EMA5_At_Entry', 'EMA7_At_Entry', 'RSI5_At_Entry', 'RSI10_At_Entry', 'ROC15_At_Entry', 'Stoch7_K_At_Entry', 'Stoch21_K_At_Entry', 'BB5_High_At_Entry', 'BB5_Low_At_Entry', 'BB5_MAvg_At_Entry', 'BB10_High_At_Entry', 'BB10_Low_At_Entry', 'BB10_MAvg_At_Entry', 'ATR15_At_Entry', 'MACD_At_Entry', 'Day_Of_Week_At_Entry']",0.6916630544718971,0.6458286985539489,0.8426705370101597,0.7312342569269521,0.40764996885130633
"['SMA5_At_Entry', 'SMA7_At_Entry', 'EMA5_At_Entry', 'EMA7_At_Entry', 'RSI5_At_Entry', 'RSI10_At_Entry', 'ROC15_At_Entry', 'Stoch7_K_At_Entry', 'Stoch21_K_At_Entry', 'BB5_High_At_Entry', 'BB5_Low_At_Entry', 'BB5_MAvg_At_Entry', 'BB15_High_At_Entry', 'BB15_Low_At_Entry', 'BB15_MAvg_At_Entry', 'ATR5_At_Entry', 'MACD_At_Entry', 'Day_Of_Week_At_Entry']",0.7010547608727062,0.671571072319202,0.7817126269956458,0.7224681421864521,0.40498763238194807
"['SMA5_At_Entry', 'SMA7_At_Entry', 'EMA5_At_Entry', 'EMA7_At_Entry', 'RSI5_At_Entry', 'RSI10_At_Entry', 'ROC15_At_Entry', 'Stoch7_K_At_Entry', 'Stoch21_K_At_Entry', 'BB5_High_At_Entry', 'BB5_Low_At_Entry', 'BB5_MAvg_At_Entry', 'BB15_High_At_Entry', 'BB15_Low_At_Entry', 'BB15_MAvg_At_Entry', 'ATR15_At_Entry', 'MACD_At_Entry', 'Day_Of_Week_At_Entry']",0.697153590521601,0.6555222504035048,0.8252539912917272,0.7306604985864816,0.41567188483835243
"['SMA5_At_Entry', 'SMA7_At_Entry', 'EMA5_At_Entry', 'EMA7_At_Entry', 'RSI5_At_Entry', 'RSI10_At_Entry', 'ROC15_At_Entry', 'Stoch7_K_At_Entry', 'Stoch21_K_At_Entry', 'BB10_High_At_Entry', 'BB10_Low_At_Entry', 'BB10_MAvg_At_Entry', 'BB15_High_At_Entry', 'BB15_Low_At_Entry', 'BB15_MAvg_At_Entry', 'ATR5_At_Entry', 'MACD_At_Entry', 'Day_Of_Week_At_Entry']",0.7017771998266147,0.6609182008855744,0.8232220609579101,0.733195449844881,0.4231980104920157
"['SMA5_At_Entry', 'SMA7_At_Entry', 'EMA5_At_Entry', 'EMA7_At_Entry', 'RSI5_At_Entry', 'RSI10_At_Entry', 'ROC15_At_Entry', 'Stoch7_K_At_Entry', 'Stoch21_K_At_Entry', 'BB10_High_At_Entry', 'BB10_Low_At_Entry', 'BB10_MAvg_At_Entry', 'BB15_High_At_Entry', 'BB15_Low_At_Entry', 'BB15_MAvg_At_Entry', 'ATR15_At_Entry', 'MACD_At_Entry', 'Day_Of_Week_At_Entry']",0.6936858835428407,0.655626027719051,0.8101596516690857,0.7247468190080498,0.4122921263117107
"['SMA5_At_Entry', 'SMA7_At_Entry', 'EMA5_At_Entry', 'EMA7_At_Entry', 'RSI5_At_Entry', 'RSI15_At_Entry', 'ROC14_At_Entry', 'Stoch5_K_At_Entry', 'Stoch7_K_At_Entry', 'BB3_High_At_Entry', 'BB3_Low_At_Entry', 'BB3_MAvg_At_Entry', 'BB5_High_At_Entry', 'BB5_Low_At_Entry', 'BB5_MAvg_At_Entry', 'ATR5_At_Entry', 'MACD_At_Entry', 'Day_Of_Week_At_Entry']",0.7019216876173964,0.6802295252999478,0.7570391872278665,0.7165819480697898,0.4058377495444608
"['SMA5_At_Entry', 'SMA7_At_Entry', 'EMA5_At_Entry', 'EMA7_At_Entry', 'RSI5_At_Entry', 'RSI15_At_Entry', 'ROC14_At_Entry', 'Stoch5_K_At_Entry', 'Stoch7_K_At_Entry', 'BB3_High_At_Entry', 'BB3_Low_At_Entry', 'BB3_MAvg_At_Entry', 'BB5_High_At_Entry', 'BB5_Low_At_Entry', 'BB5_MAvg_At_Entry', 'ATR15_At_Entry', 'MACD_At_Entry', 'Day_Of_Week_At_Entry']",0.7074122236671001,0.6812149055640633,0.7747460087082728,0.724976232513921,0.4175759635635442
"['SMA5_At_Entry', 'SMA7_At_Entry', 'EMA5_At_Entry', 'EMA7_At_Entry', 'RSI5_At_Entry', 'RSI15_At_Entry', 'ROC14_At_Entry', 'Stoch5_K_At_Entry', 'Stoch7_K_At_Entry', 'BB3_High_At_Entry', 'BB3_Low_At_Entry', 'BB3_MAvg_At_Entry', 'BB10_High_At_Entry', 'BB10_Low_At_Entry', 'BB10_MAvg_At_Entry', 'ATR5_At_Entry', 'MACD_At_Entry', 'Day_Of_Week_At_Entry']",0.7035110533159948,0.67808744566607,0.769811320754717,0.7210440456769984,0.41207400194741967
"['SMA5_At_Entry', 'SMA7_At_Entry', 'EMA5_At_Entry', 'EMA7_At_Entry', 'RSI5_At_Entry', 'RSI15_At_Entry', 'ROC14_At_Entry', 'Stoch5_K_At_Entry', 'Stoch7_K_At_Entry', 'BB3_High_At_Entry', 'BB3_Low_At_Entry', 'BB3_MAvg_At_Entry', 'BB10_High_At_Entry', 'BB10_Low_At_Entry', 'BB10_MAvg_At_Entry', 'ATR15_At_Entry', 'MACD_At_Entry', 'Day_Of_Week_At_Entry']",0.7064008091316284,0.6783640494824539,0.7799709724238026,0.7256278692951661,0.41612458475367486
"['SMA5_At_Entry', 'SMA7_At_Entry', 'EMA5_At_Entry', 'EMA7_At_Entry', 'RSI5_At_Entry', 'RSI15_At_Entry', 'ROC14_At_Entry', 'Stoch5_K_At_Entry', 'Stoch7_K_At_Entry', 'BB3_High_At_Entry', 'BB3_Low_At_Entry', 'BB3_MAvg_At_Entry', 'BB15_High_At_Entry', 'BB15_Low_At_Entry', 'BB15_MAvg_At_Entry', 'ATR5_At_Entry', 'MACD_At_Entry', 'Day_Of_Week_At_Entry']",0.7078456870394452,0.6788137723045992,0.7840348330914368,0.7276400862068966,0.4188901378058293
"['SMA5_At_Entry', 'SMA7_At_Entry', 'EMA5_At_Entry', 'EMA7_At_Entry', 'RSI5_At_Entry', 'RSI15_At_Entry', 'ROC14_At_Entry', 'Stoch5_K_At_Entry', 'Stoch7_K_At_Entry', 'BB3_High_At_Entry', 'BB3_Low_At_Entry', 'BB3_MAvg_At_Entry', 'BB15_High_At_Entry', 'BB15_Low_At_Entry', 'BB15_MAvg_At_Entry', 'ATR15_At_Entry', 'MACD_At_Entry', 'Day_Of_Week_At_Entry']",0.7040890044791215,0.668353820197638,0.8049346879535558,0.7303134053199895,0.41584499808765396
"['SMA5_At_Entry', 'SMA7_At_Entry', 'EMA5_At_Entry', 'EMA7_At_Entry', 'RSI5_At_Entry', 'RSI15_At_Entry', 'ROC14_At_Entry', 'Stoch5_K_At_Entry', 'Stoch7_K_At_Entry', 'BB5_High_At_Entry', 'BB5_Low_At_Entry', 'BB5_MAvg_At_Entry', 'BB10_High_At_Entry', 'BB10_Low_At_Entry', 'BB10_MAvg_At_Entry', 'ATR5_At_Entry', 'MACD_At_Entry', 'Day_Of_Week_At_Entry']",0.7053893945961566,0.670135527589545,0.8037735849056604,0.7308961330341824,0.4203518716774031
"['SMA5_At_Entry', 'SMA7_At_Entry', 'EMA5_At_Entry', 'EMA7_At_Entry', 'RSI5_At_Entry', 'RSI15_At_Entry', 'ROC14_At_Entry', 'Stoch5_K_At_Entry', 'Stoch7_K_At_Entry', 'BB5_High_At_Entry', 'BB5_Low_At_Entry', 'BB5_MAvg_At_Entry', 'BB10_High_At_Entry', 'BB10_Low_At_Entry', 'BB10_MAvg_At_Entry', 'ATR15_At_Entry', 'MACD_At_Entry', 'Day_Of_Week_At_Entry']",0.7030775899436498,0.6713510848126233,0.7904208998548621,0.7260365284628716,0.41228628071236145
"['SMA5_At_Entry', 'SMA7_At_Entry', 'EMA5_At_Entry', 'EMA7_At_Entry', 'RSI5_At_Entry', 'RSI15_At_Entry', 'ROC14_At_Entry', 'Stoch5_K_At_Entry', 'Stoch7_K_At_Entry', 'BB5_High_At_Entry', 'BB5_Low_At_Entry', 'BB5_MAvg_At_Entry', 'BB15_High_At_Entry', 'BB15_Low_At_Entry', 'BB15_MAvg_At_Entry', 'ATR5_At_Entry', 'MACD_At_Entry', 'Day_Of_Week_At_Entry']",0.706111833550065,0.6782015660520333,0.7793904208998549,0.7252836304700162,0.41457483285761293
"['SMA5_At_Entry', 'SMA7_At_Entry', 'EMA5_At_Entry', 'EMA7_At_Entry', 'RSI5_At_Entry', 'RSI15_At_Entry', 'ROC14_At_Entry', 'Stoch5_K_At_Entry', 'Stoch7_K_At_Entry', 'BB5_High_At_Entry', 'BB5_Low_At_Entry', 'BB5_MAvg_At_Entry', 'BB15_High_At_Entry', 'BB15_Low_At_Entry', 'BB15_MAvg_At_Entry', 'ATR15_At_Entry', 'MACD_At_Entry', 'Day_Of_Week_At_Entry']",0.7042334922699032,0.6709882583170255,0.7962264150943397,0.7282623124917031,0.4169077280493569
"['SMA5_At_Entry', 'SMA7_At_Entry', 'EMA5_At_Entry', 'EMA7_At_Entry', 'RSI5_At_Entry', 'RSI15_At_Entry', 'ROC14_At_Entry', 'Stoch5_K_At_Entry', 'Stoch7_K_At_Entry', 'BB10_High_At_Entry', 'BB10_Low_At_Entry', 'BB10_MAvg_At_Entry', 'BB15_High_At_Entry', 'BB15_Low_At_Entry', 'BB15_MAvg_At_Entry', 'ATR5_At_Entry', 'MACD_At_Entry', 'Day_Of_Week_At_Entry']",0.7046669556422482,0.6689172896069447,0.8052249637155298,0.7307692307692307,0.4119904933852868
"['SMA5_At_Entry', 'SMA7_At_Entry', 'EMA5_At_Entry', 'EMA7_At_Entry', 'RSI5_At_Entry', 'RSI15_At_Entry', 'ROC14_At_Entry', 'Stoch5_K_At_Entry', 'Stoch7_K_At_Entry', 'BB10_High_At_Entry', 'BB10_Low_At_Entry', 'BB10_MAvg_At_Entry', 'BB15_High_At_Entry', 'BB15_Low_At_Entry', 'BB15_MAvg_At_Entry', 'ATR15_At_Entry', 'MACD_At_Entry', 'Day_Of_Week_At_Entry']",0.7053893945961566,0.6727272727272727,0.7947750362844702,0.7286759813705922,0.41693328166936955
"['SMA5_At_Entry', 'SMA7_At_Entry', 'EMA5_At_Entry', 'EMA7_At_Entry', 'RSI5_At_Entry', 'RSI15_At_Entry', 'ROC14_At_Entry', 'Stoch5_K_At_Entry', 'Stoch21_K_At_Entry', 'BB3_High_At_Entry', 'BB3_Low_At_Entry', 'BB3_MAvg_At_Entry', 'BB5_High_At_Entry', 'BB5_Low_At_Entry', 'BB5_MAvg_At_Entry', 'ATR5_At_Entry', 'MACD_At_Entry', 'Day_Of_Week_At_Entry']",0.6977315416847276,0.6618033963166706,0.8031930333817127,0.7256753212693418,0.4045682523829169
"['SMA5_At_Entry', 'SMA7_At_Entry', 'EMA5_At_Entry', 'EMA7_At_Entry', 'RSI5_At_Entry', 'RSI15_At_Entry', 'ROC14_At_Entry', 'Stoch5_K_At_Entry', 'Stoch21_K_At_Entry', 'BB3_High_At_Entry', 'BB3_Low_At_Entry', 'BB3_MAvg_At_Entry', 'BB5_High_At_Entry', 'BB5_Low_At_Entry', 'BB5_MAvg_At_Entry', 'ATR15_At_Entry', 'MACD_At_Entry', 'Day_Of_Week_At_Entry']",0.7014882242450513,0.6613620407208051,0.8203193033381713,0.7323140710028505,0.4183846604792389
"['SMA5_At_Entry', 'SMA7_At_Entry', 'EMA5_At_Entry', 'EMA7_At_Entry', 'RSI5_At_Entry', 'RSI15_At_Entry', 'ROC14_At_Entry', 'Stoch5_K_At_Entry', 'Stoch21_K_At_Entry', 'BB3_High_At_Entry', 'BB3_Low_At_Entry', 'BB3_MAvg_At_Entry', 'BB10_High_At_Entry', 'BB10_Low_At_Entry', 'BB10_MAvg_At_Entry', 'ATR5_At_Entry', 'MACD_At_Entry', 'Day_Of_Week_At_Entry']",0.7017771998266147,0.6657863145258103,0.8049346879535558,0.7287779237844941,0.40994336449316154
"['SMA5_At_Entry', 'SMA7_At_Entry', 'EMA5_At_Entry', 'EMA7_At_Entry', 'RSI5_At_Entry', 'RSI15_At_Entry', 'ROC14_At_Entry', 'Stoch5_K_At_Entry', 'Stoch21_K_At_Entry', 'BB3_High_At_Entry', 'BB3_Low_At_Entry', 'BB3_MAvg_At_Entry', 'BB10_High_At_Entry', 'BB10_Low_At_Entry', 'BB10_MAvg_At_Entry', 'ATR15_At_Entry', 'MACD_At_Entry', 'Day_Of_Week_At_Entry']",0.7058228579685016,0.676257192894671,0.7846153846153846,0.7264176296694437,0.41412889713582335
"['SMA5_At_Entry', 'SMA7_At_Entry', 'EMA5_At_Entry', 'EMA7_At_Entry', 'RSI5_At_Entry', 'RSI15_At_Entry', 'ROC14_At_Entry', 'Stoch5_K_At_Entry', 'Stoch21_K_At_Entry', 'BB3_High_At_Entry', 'BB3_Low_At_Entry', 'BB3_MAvg_At_Entry', 'BB15_High_At_Entry', 'BB15_Low_At_Entry', 'BB15_MAvg_At_Entry', 'ATR5_At_Entry', 'MACD_At_Entry', 'Day_Of_Week_At_Entry']",0.7013437364542696,0.6624233851956625,0.8156748911465893,0.7311044620788344,0.4192402892068524
"['SMA5_At_Entry', 'SMA7_At_Entry', 'EMA5_At_Entry', 'EMA7_At_Entry', 'RSI5_At_Entry', 'RSI15_At_Entry', 'ROC14_At_Entry', 'Stoch5_K_At_Entry', 'Stoch21_K_At_Entry', 'BB3_High_At_Entry', 'BB3_Low_At_Entry', 'BB3_MAvg_At_Entry', 'BB15_High_At_Entry', 'BB15_Low_At_Entry', 'BB15_MAvg_At_Entry', 'ATR15_At_Entry', 'MACD_At_Entry', 'Day_Of_Week_At_Entry']",0.6978760294755093,0.6599716446124764,0.8107402031930334,0.7276279796795623,0.40618564621430636
"['SMA5_At_Entry', 'SMA7_At_Entry', 'EMA5_At_Entry', 'EMA7_At_Entry', 'RSI5_At_Entry', 'RSI15_At_Entry', 'ROC14_At_Entry', 'Stoch5_K_At_Entry', 'Stoch21_K_At_Entry', 'BB5_High_At_Entry', 'BB5_Low_At_Entry', 'BB5_MAvg_At_Entry', 'BB10_High_At_Entry', 'BB10_Low_At_Entry', 'BB10_MAvg_At_Entry', 'ATR5_At_Entry', 'MACD_At_Entry', 'Day_Of_Week_At_Entry']",0.7043779800606849,0.666270501545044,0.8136429608127721,0.7326189231573444,0.41620032701952925
"['SMA5_At_Entry', 'SMA7_At_Entry', 'EMA5_At_Entry', 'EMA7_At_Entry', 'RSI5_At_Entry', 'RSI15_At_Entry', 'ROC14_At_Entry', 'Stoch5_K_At_Entry', 'Stoch21_K_At_Entry', 'BB5_High_At_Entry', 'BB5_Low_At_Entry', 'BB5_MAvg_At_Entry', 'BB10_High_At_Entry', 'BB10_Low_At_Entry', 'BB10_MAvg_At_Entry', 'ATR15_At_Entry', 'MACD_At_Entry', 'Day_Of_Week_At_Entry']",0.7026441265713047,0.6681212121212121,0.8,0.7281373844121533,0.418753601306742
"['SMA5_At_Entry', 'SMA7_At_Entry', 'EMA5_At_Entry', 'EMA7_At_Entry', 'RSI5_At_Entry', 'RSI15_At_Entry', 'ROC14_At_Entry', 'Stoch5_K_At_Entry', 'Stoch21_K_At_Entry', 'BB5_High_At_Entry', 'BB5_Low_At_Entry', 'BB5_MAvg_At_Entry', 'BB15_High_At_Entry', 'BB15_Low_At_Entry', 'BB15_MAvg_At_Entry', 'ATR5_At_Entry', 'MACD_At_Entry', 'Day_Of_Week_At_Entry']",0.6906516399364254,0.6440565620857269,0.8461538461538461,0.7314013298205997,0.40908030350351826
"['SMA5_At_Entry', 'SMA7_At_Entry', 'EMA5_At_Entry', 'EMA7_At_Entry', 'RSI5_At_Entry', 'RSI15_At_Entry', 'ROC14_At_Entry', 'Stoch5_K_At_Entry', 'Stoch21_K_At_Entry', 'BB5_High_At_Entry', 'BB5_Low_At_Entry', 'BB5_MAvg_At_Entry', 'BB15_High_At_Entry', 'BB15_Low_At_Entry', 'BB15_MAvg_At_Entry', 'ATR15_At_Entry', 'MACD_At_Entry', 'Day_Of_Week_At_Entry']",0.7017771998266147,0.6638974602421077,0.8119013062409289,0.7304779315748238,0.41560132010335027
"['SMA5_At_Entry', 'SMA7_At_Entry', 'EMA5_At_Entry', 'EMA7_At_Entry', 'RSI5_At_Entry', 'RSI15_At_Entry', 'ROC14_At_Entry', 'Stoch5_K_At_Entry', 'Stoch21_K_At_Entry', 'BB10_High_At_Entry', 'BB10_Low_At_Entry', 'BB10_MAvg_At_Entry', 'BB15_High_At_Entry', 'BB15_Low_At_Entry', 'BB15_MAvg_At_Entry', 'ATR5_At_Entry', 'MACD_At_Entry', 'Day_Of_Week_At_Entry']",0.7009102730819246,0.6596980255516841,0.8243831640058055,0.7329032258064516,0.41541751775809577
"['SMA5_At_Entry', 'SMA7_At_Entry', 'EMA5_At_Entry', 'EMA7_At_Entry', 'RSI5_At_Entry', 'RSI15_At_Entry', 'ROC14_At_Entry', 'Stoch5_K_At_Entry', 'Stoch21_K_At_Entry', 'BB10_High_At_Entry', 'BB10_Low_At_Entry', 'BB10_MAvg_At_Entry', 'BB15_High_At_Entry', 'BB15_Low_At_Entry', 'BB15_MAvg_At_Entry', 'ATR15_At_Entry', 'MACD_At_Entry', 'Day_Of_Week_At_Entry']",0.6946972980783124,0.6552447552447552,0.8159651669085631,0.7268261150614092,0.4139894378370615
"['SMA5_At_Entry', 'SMA7_At_Entry', 'EMA5_At_Entry', 'EMA7_At_Entry', 'RSI5_At_Entry', 'RSI15_At_Entry', 'ROC14_At_Entry', 'Stoch7_K_At_Entry', 'Stoch21_K_At_Entry', 'BB3_High_At_Entry', 'BB3_Low_At_Entry', 'BB3_MAvg_At_Entry', 'BB5_High_At_Entry', 'BB5_Low_At_Entry', 'BB5_MAvg_At_Entry', 'ATR5_At_Entry', 'MACD_At_Entry', 'Day_Of_Week_At_Entry']",0.6964311515676925,0.6562790697674419,0.8191582002902758,0.7287282117495159,0.4054775771159817
"['SMA5_At_Entry', 'SMA7_At_Entry', 'EMA5_At_Entry', 'EMA7_At_Entry', 'RSI5_At_Entry', 'RSI15_At_Entry', 'ROC14_At_Entry', 'Stoch7_K_At_Entry', 'Stoch21_K_At_Entry', 'BB3_High_At_Entry', 'BB3_Low_At_Entry', 'BB3_MAvg_At_Entry', 'BB5_High_At_Entry', 'BB5_Low_At_Entry', 'BB5_MAvg_At_Entry', 'ATR15_At_Entry', 'MACD_At_Entry', 'Day_Of_Week_At_Entry']",0.6997543707556712,0.663321385902031,0.8058055152394775,0.727653997378768,0.403227856452122
"['SMA5_At_Entry', 'SMA7_At_Entry', 'EMA5_At_Entry', 'EMA7_At_Entry', 'RSI5_At_Entry', 'RSI15_At_Entry', 'ROC14_At_Entry', 'Stoch7_K_At_Entry', 'Stoch21_K_At_Entry', 'BB3_High_At_Entry', 'BB3_Low_At_Entry', 'BB3_MAvg_At_Entry', 'BB10_High_At_Entry', 'BB10_Low_At_Entry', 'BB10_MAvg_At_Entry', 'ATR5_At_Entry', 'MACD_At_Entry', 'Day_Of_Week_At_Entry']",0.70567837017772,0.6735700197238659,0.793033381712627,0.7284362085055326,0.416757579654642
"['SMA5_At_Entry', 'SMA7_At_Entry', 'EMA5_At_Entry', 'EMA7_At_Entry', 'RSI5_At_Entry', 'RSI15_At_Entry', 'ROC14_At_Entry', 'Stoch7_K_At_Entry', 'Stoch21_K_At_Entry', 'BB3_High_At_Entry', 'BB3_Low_At_Entry', 'BB3_MAvg_At_Entry', 'BB10_High_At_Entry', 'BB10_Low_At_Entry', 'BB10_MAvg_At_Entry', 'ATR15_At_Entry', 'MACD_At_Entry', 'Day_Of_Week_At_Entry']",0.6964311515676925,0.6565703634669152,0.8179970972423802,0.728447718754039,0.41084007943334433
